{"desktopweb":{"platform":"desktopweb","indexjl":"js","appName":"FerrariNewslette","buildWar":"false","librarymode":"css","devicemessage":"Unknown Error Occurred <br/> Contact System Admin","deviceexception":"This device is currently not supported","importjsfiles":[],"javascripterrormsg":"To use this site, first enable your browser's JavaScript support and then refresh this page.","version":"1.0.0","category":"desktopweb/","bgcolor":"#ffffff","cssLazyLoad":true,"customFontsList":["Ferrari-SansBold","Ferrari-SansBoldItalic","Ferrari-SansLight","Ferrari-SansLightItalic","Ferrari-SansMedium","Ferrari-SansMediumItalic","Ferrari-SansRegular","Ferrari-SansRegularItalic","FontAwesome","Inter-Regular","icomoon"],"customFontsUrlList":["url('desktopweb/Ferrari-SansBold.ttf'), url('desktopweb/Ferrari-SansBold.eot')","url('desktopweb/Ferrari-SansBoldItalic.ttf'), url('desktopweb/Ferrari-SansBoldItalic.eot')","url('desktopweb/Ferrari-SansLight.ttf'), url('desktopweb/Ferrari-SansLight.eot')","url('desktopweb/Ferrari-SansLightItalic.ttf'), url('desktopweb/Ferrari-SansLightItalic.eot')","url('desktopweb/Ferrari-SansMedium.ttf'), url('desktopweb/Ferrari-SansMedium.eot')","url('desktopweb/Ferrari-SansMediumItalic.ttf'), url('desktopweb/Ferrari-SansMediumItalic.eot')","url('desktopweb/Ferrari-SansRegular.ttf'), url('desktopweb/Ferrari-SansRegular.eot')","url('desktopweb/Ferrari-SansRegularItalic.ttf'), url('desktopweb/Ferrari-SansRegularItalic.eot')","url('desktopweb/FontAwesome.ttf'), url('desktopweb/FontAwesome.eot')","url('desktopweb/Inter-Regular.ttf'), url('desktopweb/Inter-Regular.eot')","url('desktopweb/icomoon.ttf'), url('desktopweb/icomoon.eot')"],"fontsObj":{"Ferrari-SansBold":"url('desktopweb/Ferrari-SansBold.ttf'), url('desktopweb/Ferrari-SansBold.eot')","Ferrari-SansBoldItalic":"url('desktopweb/Ferrari-SansBoldItalic.ttf'), url('desktopweb/Ferrari-SansBoldItalic.eot')","Ferrari-SansLight":"url('desktopweb/Ferrari-SansLight.ttf'), url('desktopweb/Ferrari-SansLight.eot')","Ferrari-SansLightItalic":"url('desktopweb/Ferrari-SansLightItalic.ttf'), url('desktopweb/Ferrari-SansLightItalic.eot')","Ferrari-SansMedium":"url('desktopweb/Ferrari-SansMedium.ttf'), url('desktopweb/Ferrari-SansMedium.eot')","Ferrari-SansMediumItalic":"url('desktopweb/Ferrari-SansMediumItalic.ttf'), url('desktopweb/Ferrari-SansMediumItalic.eot')","Ferrari-SansRegular":"url('desktopweb/Ferrari-SansRegular.ttf'), url('desktopweb/Ferrari-SansRegular.eot')","Ferrari-SansRegularItalic":"url('desktopweb/Ferrari-SansRegularItalic.ttf'), url('desktopweb/Ferrari-SansRegularItalic.eot')","FontAwesome":"url('desktopweb/FontAwesome.ttf'), url('desktopweb/FontAwesome.eot')","Inter-Regular":"url('desktopweb/Inter-Regular.ttf'), url('desktopweb/Inter-Regular.eot')","icomoon":"url('desktopweb/icomoon.ttf'), url('desktopweb/icomoon.eot')"},"style":"width: 100%; margin: 0px; padding: 0px;","bodyalign":"left","bodyAttrs":"style = \"width: 100%; margin: 0px; padding: 0px;\"  aria-busy=\"true\" aria-live=\"polite\" aria-relevant=\"additions\" aria-atomic=\"false\"","enablexfsdw":false,"enablexfs":"false","isDebug":"false","csslist":[],"jslist":[],"enableViewportZooming":false,"webcsslist":[],"webjslist":[],"webheadertags":[],"htmlAttrs":"","ieMetaTag":"<meta http-equiv=\"X-UA-Compatble\" content=\"IE=edge\">","headPageFileName":"1429552438/desktopweb/head.html","bodyPageFileName":"1429552438/desktopweb/body.html","baseTag":"<base href= \"/apps/FerrariNewslette/1429552438/\" target = \"_blank\"/>","baseLocalTag":"<base href= \"./\" target = \"_blank\"/>"},"indexPage":{"headPageFileName":"1429552438/desktopweb/head.html","bodyPageFileName":"1429552438/desktopweb/body.html","baseTag":"<base href= \"/apps/FerrariNewslette/1429552438/\" target = \"_blank\"/>","ieMetaTag":"<meta http-equiv=\"X-UA-Compatble\" content=\"IE=edge\">","htmlAttrs":"","bodyAttrs":"style = \"width: 100%; margin: 0px; padding: 0px;\"  aria-busy=\"true\" aria-live=\"polite\" aria-relevant=\"additions\" aria-atomic=\"false\""},"appconfig":{"buildoption":"debug","applocales":"","spa":"desktopweb","appid":"FerrariNewslette","devicedblookup":"false","smsecure":"","cacheId":"1429552438","cacheUrl":"FerrariNewslette/1429552438"}}